Country,Population,Area_km2,Population_Density
Saudi Arabia,35000000,2149690,16.28141732
Bangladesh,170000000,148460,1145.089586
United States,331000000,9833517,33.66038824
United Kingdom,67000000,243610,275.0297607
India,1393000000,3287263,423.7567849
